Frame,Timestamp,ValidPixelsOrig(%),ValidPixelsEnh(%),ValidIncrease(%),HolesOrig,HolesEnh,HolesFilled,MeanDepthOrig,MeanDepthEnh,StdOrig,StdEnh,NoiseReduction(%),EdgeStdOrig,EdgeStdEnh,ProcessingTime(ms),TrackedFeatures,TrackingState
336,1754835686.2519,81.7458,99.1257,17.3799,56077,2686,53391,0.8516,0.8383,0.4155,0.3822,8.0228,0.2667,0.2287,51.4672,81,OK
426,1754835687.7549,95.6637,99.5329,3.8691,13321,1435,11886,1.4705,1.3530,0.4355,0.4088,6.1524,0.4821,0.4223,35.7732,529,OK
428,1754835687.7883,95.4111,99.5605,4.1494,14097,1350,12747,1.4696,1.6250,0.4334,0.4209,2.8891,0.4689,0.4772,39.1770,408,OK
430,1754835687.8550,93.7139,99.4948,5.7809,19311,1552,17759,1.4580,1.3504,0.4347,0.4016,7.6241,0.4743,0.3664,37.3459,457,OK
432,1754835687.8882,93.3630,99.5579,6.1950,20389,1358,19031,1.4491,1.3372,0.4387,0.4128,5.9006,0.4795,0.3621,39.7280,560,OK
434,1754835687.9548,92.4704,99.1409,6.6706,22941,2619,20322,1.4339,1.3128,0.4409,0.4056,7.9900,0.4696,0.3510,51.2351,393,OK
436,1754835688.0213,92.2090,99.0186,6.8096,23934,3015,20919,1.4158,1.3264,0.4676,0.3536,24.3739,0.4856,0.3262,43.6574,510,OK
438,1754835688.0546,92.2695,98.9007,6.6312,23048,3377,19671,1.4141,1.3327,0.5307,0.3571,32.7173,0.4883,0.3450,41.5959,543,OK
440,1754835688.1211,91.6051,99.2145,7.6094,25789,2413,23376,1.3994,1.3383,0.4588,0.3576,22.0526,0.4764,0.3328,42.1003,482,OK
442,1754835688.1876,92.0527,99.3600,7.3073,24414,1966,22448,1.3849,1.3308,0.4743,0.3603,24.0365,0.4913,0.3359,43.4243,508,OK
444,1754835688.2209,91.4873,99.2825,7.7952,26151,2194,23957,1.3794,1.3257,0.4696,0.3617,22.9734,0.4704,0.3328,42.3910,379,OK
446,1754835688.2874,89.8522,98.6930,8.8408,31174,4015,27159,1.3442,1.2917,0.4841,0.3734,22.8750,0.4601,0.3496,42.3350,416,OK
448,1754835688.3539,87.9961,98.3753,10.3792,36876,4991,31885,1.2785,1.2520,0.4970,0.3881,21.9047,0.4356,0.3115,39.7531,514,OK
450,1754835688.3871,87.0719,98.7611,11.6891,39715,3806,35909,1.2328,1.2551,0.5113,0.2973,41.8430,0.4630,0.1983,54.9046,627,OK
452,1754835688.4536,87.5648,98.9147,11.3499,38201,3334,34867,1.1393,1.2182,0.5106,0.3009,41.0763,0.4833,0.2888,53.6367,897,OK
454,1754835688.5201,88.6885,98.6995,10.0111,34749,3995,30754,1.0939,1.2048,0.5004,0.2956,40.9221,0.4693,0.2485,55.1248,971,OK
456,1754835688.5866,89.4727,99.0212,9.5485,32340,3007,29333,1.0611,1.1947,0.4976,0.2990,39.9133,0.4348,0.2527,56.3772,996,OK
458,1754835688.6531,88.8870,99.1068,10.2197,34139,2744,31395,1.0417,1.1813,0.4995,0.3014,39.6539,0.4464,0.2511,54.0974,976,OK
460,1754835688.7196,89.7021,99.3535,9.6514,31635,1986,29649,0.9700,1.1564,0.4831,0.3063,36.5912,0.4357,0.2408,52.9042,972,OK
462,1754835688.7860,88.3730,99.4079,11.0348,35718,1813,33905,0.9280,0.7609,0.4732,0.4182,11.6171,0.4398,0.2788,50.3324,898,OK
466,1754835688.9193,82.2884,98.4137,16.1253,54410,4873,49537,0.7730,0.6429,0.3923,0.2827,27.9329,0.2382,0.1827,76.2217,869,OK
468,1754835689.0192,79.3151,99.4600,20.1449,63544,1659,61885,0.6572,0.5506,0.3253,0.2200,32.3675,0.2799,0.1947,73.4768,1186,OK
470,1754835689.0858,79.4743,99.9518,20.4775,63055,148,62907,0.6158,0.5318,0.2974,0.2064,30.6058,0.2450,0.1980,102.9271,1214,OK
474,1754835689.2522,84.7083,99.9801,15.2718,46976,61,46915,0.5628,0.4768,0.3251,0.1613,50.3967,0.2461,0.1503,110.5077,1189,OK
476,1754835689.3853,85.4769,99.9551,14.4782,44524,138,44386,0.4974,0.4553,0.3635,0.1493,58.9119,0.2024,0.1646,103.4340,1196,OK
478,1754835689.4851,90.3545,99.7012,9.3467,29356,918,28438,0.4500,0.4360,0.1757,0.1364,22.3649,0.1807,0.1345,114.3657,1203,OK
480,1754835689.6182,93.3001,99.6478,6.3477,20582,1082,19500,0.4257,0.4160,0.1599,0.1217,23.8931,0.1505,0.1126,110.3134,1188,OK
482,1754835689.7513,96.4329,99.6605,3.2275,10958,1043,9915,0.4016,0.4006,0.1117,0.1078,3.4772,0.1058,0.1026,112.6640,1200,OK
484,1754835689.8844,96.0339,99.6956,3.6618,12184,935,11249,0.3913,0.3893,0.1029,0.0979,4.8418,0.0955,0.0925,112.2956,1208,OK
486,1754835690.0177,94.6999,99.2035,4.5036,16282,2429,13853,0.3809,0.3778,0.0959,0.0901,6.0042,0.0895,0.0862,115.1606,1197,OK
488,1754835690.1509,93.7191,99.4753,5.7562,19295,1595,17700,0.3762,0.3729,0.0921,0.0872,5.3355,0.0801,0.0793,114.1428,1217,OK
490,1754835690.2842,92.8421,99.5566,6.7145,21989,1362,20627,0.3753,0.3720,0.0910,0.0860,5.4824,0.0801,0.0797,113.1989,1214,OK
492,1754835690.3841,93.6712,99.5296,5.8584,19165,1445,17720,0.3754,0.3723,0.0903,0.0860,4.7060,0.0798,0.0792,110.3149,1206,OK
494,1754835690.5173,93.4896,99.6419,6.1523,19942,1100,18842,0.3754,0.3721,0.0898,0.0854,4.9532,0.0789,0.0784,111.7506,1202,OK
496,1754835690.6505,93.1331,99.4766,6.3434,21095,1608,19487,0.3759,0.3730,0.0908,0.0864,4.8183,0.0890,0.0835,112.0018,1190,OK
498,1754835690.7837,93.6595,99.5205,5.8610,19478,1464,18014,0.3782,0.3751,0.0920,0.0872,5.2872,0.0885,0.0822,114.6664,1194,OK
500,1754835690.9168,93.6797,99.3672,5.6875,19416,1938,17478,0.3819,0.3783,0.0942,0.0886,5.9769,0.0831,0.0813,113.9388,1207,OK
502,1754835691.0502,94.8812,99.5492,4.6680,15725,1368,14357,0.3874,0.3842,0.0986,0.0931,5.6054,0.0943,0.0878,114.9984,1206,OK
504,1754835691.1834,94.6696,99.4749,4.8053,16375,1613,14762,0.3912,0.3882,0.1013,0.0956,5.6043,0.0904,0.0877,113.1577,1200,OK
506,1754835691.2834,95.4922,99.4300,3.9378,13848,1739,12109,0.3935,0.3907,0.1025,0.0971,5.2423,0.0917,0.0894,114.2883,1195,OK
508,1754835691.4166,95.8291,99.6755,3.8464,12813,995,11818,0.3981,0.3958,0.1051,0.1002,4.6790,0.0928,0.0897,117.7763,1210,OK
510,1754835691.5499,95.4144,99.7171,4.3027,14087,855,13232,0.4004,0.3985,0.1064,0.1019,4.2002,0.0950,0.0933,114.1129,1208,OK
512,1754835691.6831,96.2256,99.4740,3.2484,11595,1610,9985,0.4025,0.4005,0.1076,0.1036,3.6833,0.0960,0.0944,112.4486,1183,OK
514,1754835691.8164,96.1794,99.8962,3.7168,11737,319,11418,0.4040,0.4020,0.1084,0.1040,4.0696,0.0995,0.0977,113.5889,1182,OK
516,1754835691.9496,96.2894,99.7406,3.4512,11399,789,10610,0.4044,0.4023,0.1086,0.1046,3.6669,0.1024,0.0993,114.9135,1206,OK
518,1754835692.0829,96.0592,99.7900,3.7308,12106,642,11464,0.4037,0.4022,0.1086,0.1047,3.6029,0.1001,0.0983,112.2144,1198,OK
520,1754835692.2162,96.1826,99.7510,3.5684,11727,756,10971,0.4044,0.4027,0.1091,0.1050,3.7668,0.1040,0.0998,112.6987,1199,OK
522,1754835692.3495,95.9180,99.6055,3.6875,12540,1210,11330,0.4057,0.4049,0.1104,0.1066,3.4769,0.0998,0.0980,115.6808,1206,OK
524,1754835692.4828,97.3291,99.8317,2.5026,8205,510,7695,0.4100,0.4085,0.1125,0.1090,3.0912,0.1084,0.1058,115.4723,1191,OK
526,1754835692.6161,96.7018,99.7454,3.0436,10132,782,9350,0.4122,0.4100,0.1191,0.1116,6.2902,0.1079,0.1057,115.5196,1206,OK
528,1754835692.7494,94.2630,98.8304,4.5674,17624,3593,14031,0.4367,0.4237,0.1744,0.1259,27.8055,0.1265,0.1184,114.1630,1175,OK
530,1754835692.8826,91.6592,98.8496,7.1904,25623,3534,22089,0.4949,0.7085,0.2413,0.3604,-49.3382,0.2126,0.3231,111.1614,1172,OK
534,1754835693.0493,90.4801,99.7770,9.2969,29245,685,28560,0.5954,0.5155,0.3195,0.2002,37.3525,0.2844,0.1794,103.9139,1170,OK
536,1754835693.1492,88.6100,99.5830,10.9730,34990,1281,33709,0.6460,0.8800,0.3553,0.3231,9.0742,0.2855,0.2989,106.1879,1164,OK
538,1754835693.2825,88.5908,99.6038,11.0130,35049,1217,33832,0.6973,0.9232,0.4010,0.3431,14.4288,0.3190,0.3260,99.3715,1115,OK
540,1754835693.3825,90.7230,99.8457,9.1227,28499,474,28025,0.7117,0.5016,0.3956,0.1818,54.0449,0.3478,0.1785,101.4933,1044,OK
542,1754835693.5158,89.7715,99.6702,9.8988,31422,1013,30409,0.7999,0.5446,0.4459,0.1920,56.9323,0.3757,0.1074,98.2431,989,OK
546,1754835693.6491,89.2064,99.3971,10.1908,33158,1852,31306,0.8205,0.5834,0.4492,0.1977,55.9876,0.3702,0.1377,92.7892,949,OK
548,1754835693.7491,89.5602,98.9788,9.4186,32071,3137,28934,0.8270,0.5843,0.4565,0.1971,56.8148,0.3824,0.1359,90.6702,998,OK
550,1754835693.8490,90.7298,99.2725,8.5426,28478,2235,26243,0.8328,0.6221,0.4567,0.2124,53.4996,0.3176,0.1358,98.4045,1011,OK
552,1754835693.9823,87.8574,99.0570,11.1995,37302,2897,34405,0.9185,0.6457,0.4922,0.2096,57.4123,0.3247,0.1413,101.8022,913,OK
554,1754835694.0824,90.9984,99.7503,8.7520,27653,767,26886,1.0147,1.0821,0.5101,0.1960,61.5723,0.3047,0.2202,88.1578,971,OK
558,1754835694.2158,90.5771,99.5801,9.0029,28947,1290,27657,1.1076,0.7868,0.4932,0.3161,35.9086,0.4143,0.2618,85.3583,954,OK
560,1754835694.3158,89.7848,99.4404,9.6556,31381,1719,29662,1.1745,0.8093,0.4815,0.3068,36.2806,0.3952,0.2186,87.2419,900,OK
562,1754835694.4159,91.4648,99.2100,7.7451,26215,2422,23793,1.2250,1.2263,0.5108,0.3267,36.0378,0.4226,0.2816,75.0075,915,OK
564,1754835694.5159,92.7103,99.8190,7.1087,22394,556,21838,1.2557,1.2747,0.4863,0.2943,39.4780,0.4632,0.3041,87.9323,949,OK
566,1754835694.6160,92.1283,99.6937,7.5654,24182,941,23241,1.2508,1.2673,0.4732,0.2920,38.3002,0.4445,0.3075,80.0447,975,OK
568,1754835694.7160,91.3636,99.7773,8.4137,26531,684,25847,1.2704,1.2780,0.4998,0.3250,34.9779,0.4593,0.3086,81.6562,951,OK
570,1754835694.8160,92.0166,99.7799,7.7633,24525,676,23849,1.2647,1.2759,0.4872,0.3083,36.7190,0.4577,0.3069,82.7126,960,OK
572,1754835694.9161,92.5446,99.8226,7.2780,22897,539,22358,1.2662,1.2802,0.5039,0.3267,35.1772,0.4639,0.2965,82.4401,951,OK
574,1754835695.0161,92.3395,99.7259,7.3864,23533,842,22691,1.2608,1.2718,0.4765,0.2955,37.9878,0.4585,0.3029,81.8277,965,OK
576,1754835695.1162,92.2611,99.7083,7.4473,23774,896,22878,1.2659,1.2716,0.4755,0.2973,37.4701,0.4309,0.2956,79.8325,973,OK
578,1754835695.2162,92.7025,99.5368,6.8343,22418,1423,20995,1.2711,1.2704,0.4831,0.3074,36.3690,0.4467,0.3019,79.7059,970,OK
580,1754835695.3162,93.2799,99.7643,6.4844,20644,724,19920,1.2625,1.2702,0.4750,0.2957,37.7399,0.4415,0.3043,77.9898,925,OK
582,1754835695.3828,92.9150,99.6989,6.7839,21765,925,20840,1.2644,1.2360,0.4725,0.3076,34.8884,0.4463,0.3182,81.1641,950,OK
584,1754835695.4828,92.8346,99.2100,6.3753,22012,2427,19585,1.2668,1.0947,0.4802,0.3796,20.9321,0.4742,0.3574,76.7844,945,OK
586,1754835695.5828,92.8320,99.1204,6.2884,22020,2702,19318,1.2680,1.1020,0.4711,0.3688,21.7292,0.4326,0.3337,79.5632,953,OK
588,1754835695.6827,92.8112,99.1657,6.3545,22084,2563,19521,1.2818,1.4392,0.4878,0.3543,27.3585,0.4304,0.3607,75.8984,934,OK
590,1754835695.7827,92.9779,99.5882,6.6104,21572,1265,20307,1.2933,1.5274,0.4642,0.4112,11.4259,0.4555,0.4493,77.9904,965,OK
592,1754835695.8493,93.3900,99.6188,6.2288,20306,1171,19135,1.2888,1.5287,0.4708,0.4180,11.2259,0.4539,0.4535,74.5431,957,OK
594,1754835695.9493,93.1318,99.5785,6.4466,21099,1295,19804,1.2893,1.5247,0.4654,0.4093,12.0656,0.4370,0.4397,78.2831,928,OK
596,1754835696.0493,93.3255,99.6032,6.2777,20504,1219,19285,1.2872,1.5258,0.4672,0.4059,13.1221,0.4596,0.4420,76.6430,941,OK
598,1754835696.1492,92.9665,99.5729,6.6064,21607,1312,20295,1.2931,1.5267,0.4676,0.4074,12.8736,0.4456,0.4431,76.0952,924,OK
600,1754835696.2492,93.3555,99.6133,6.2578,20412,1188,19224,1.3139,1.6126,0.4607,0.3574,22.4159,0.4121,0.4329,78.0744,835,OK
602,1754835696.3159,94.2972,99.5846,5.2874,17519,1276,16243,1.3443,1.5348,0.4536,0.3783,16.6085,0.4215,0.4404,74.6450,608,OK
604,1754835696.4158,96.0384,99.6872,3.6488,12170,961,11209,1.4143,1.2459,0.4266,0.3982,6.6651,0.4417,0.4158,75.4521,618,OK
606,1754835696.5158,96.7865,99.8786,3.0921,9872,373,9499,1.4870,1.3967,0.4346,0.3584,17.5219,0.5491,0.4739,60.3066,430,OK
608,1754835696.5825,96.8138,98.8861,2.0723,9788,3422,6366,1.5510,1.4159,0.4765,0.4345,8.8305,0.6741,0.6260,60.3685,554,OK
610,1754835696.6491,97.0339,99.2549,2.2210,9112,2289,6823,1.5668,1.4677,0.4787,0.3475,27.3935,0.7227,0.3822,46.5006,598,OK
612,1754835696.7157,97.2386,99.2360,1.9974,8483,2347,6136,1.5890,1.4823,0.5085,0.3471,31.7378,0.7664,0.3692,45.5927,568,OK
614,1754835696.7824,97.2341,99.3105,2.0765,8497,2118,6379,1.5975,1.5495,0.5024,0.4855,3.3571,0.7788,0.8235,47.4451,567,OK
616,1754835696.8490,97.5257,99.2158,1.6901,7601,2409,5192,1.6126,1.5716,0.5088,0.5314,-4.4506,0.8226,0.9124,47.7868,579,OK
618,1754835696.9157,97.5189,99.4889,1.9700,7622,1570,6052,1.6352,1.8311,0.5351,0.5286,1.2173,0.7968,0.8790,47.2559,554,OK
620,1754835696.9490,97.4141,99.2269,1.8128,7944,2375,5569,1.6339,1.6064,0.5113,0.6771,-32.4474,0.7925,1.0477,45.8107,576,OK
622,1754835697.0156,97.6387,99.3916,1.7529,7254,1869,5385,1.6548,1.6108,0.5334,0.6762,-26.7755,0.8278,1.0589,44.1010,571,OK
624,1754835697.0823,97.7044,99.2816,1.5771,7052,2207,4845,1.6723,1.6889,0.5578,0.6987,-25.2598,0.8549,1.0426,44.1755,610,OK
626,1754835697.1489,97.5400,99.3870,1.8470,7557,1883,5674,1.6526,1.6835,0.5204,0.6888,-32.3629,0.8353,1.0365,46.2085,561,OK
628,1754835697.1822,97.8848,99.3486,1.4639,6498,1994,4504,1.6693,1.6873,0.5433,0.6899,-26.9823,0.8476,1.0437,46.5875,566,OK
630,1754835697.2489,97.4059,99.3958,1.9899,7969,1856,6113,1.6722,1.6979,0.5371,0.6987,-30.0801,0.8754,1.0597,48.3981,611,OK
632,1754835697.3155,97.7988,99.4671,1.6683,6762,1637,5125,1.6898,1.7036,0.5573,0.6969,-25.0342,0.8746,1.0589,49.9417,625,OK
634,1754835697.3821,97.5394,99.4199,1.8805,7559,1778,5781,1.6763,1.6946,0.5473,0.6965,-27.2645,0.8903,1.0577,48.5827,645,OK
636,1754835697.4488,97.8034,99.5309,1.7275,6748,1437,5311,1.6796,1.7018,0.5374,0.6967,-29.6425,0.8610,1.0631,47.1871,589,OK
638,1754835697.5154,97.4548,99.3812,1.9264,7819,1901,5918,1.6907,1.7060,0.5612,0.6990,-24.5531,0.8882,1.0726,47.8062,609,OK
640,1754835697.5821,97.5882,99.6361,2.0478,7409,1118,6291,1.6991,2.1534,0.5528,0.9024,-63.2435,0.8738,1.0560,44.5432,660,OK
642,1754835697.6154,97.6283,99.5651,1.9369,7286,1336,5950,1.7168,1.5395,0.5906,0.3683,37.6441,0.9143,0.3459,48.5877,633,OK
644,1754835697.6820,97.2884,99.5703,2.2819,8330,1320,7010,1.7188,1.7508,0.5658,0.7651,-35.2206,0.8950,1.0887,47.5551,585,OK
646,1754835697.7487,97.4157,99.6387,2.2230,7939,1110,6829,1.7339,1.7915,0.5687,0.7197,-26.5388,0.8922,1.0557,44.2146,641,OK
648,1754835697.8153,97.5361,99.6439,2.1077,7569,1094,6475,1.7537,1.9154,0.5779,0.5830,-0.8918,0.8858,0.9140,50.7715,586,OK
650,1754835697.8819,97.0140,99.7012,2.6872,9173,918,8255,1.7567,1.7764,0.5729,0.7067,-23.3643,0.8816,1.0301,47.5429,618,OK
652,1754835697.9153,97.1029,99.6973,2.5944,8900,930,7970,1.7568,1.7548,0.5740,0.2334,59.3458,0.8878,0.1479,50.0862,578,OK
654,1754835697.9819,97.1081,99.5316,2.4235,8884,1439,7445,1.7907,1.7546,0.6284,0.2513,60.0008,0.8921,0.1844,46.0912,580,OK
656,1754835698.0485,96.7464,99.6211,2.8747,9995,1164,8831,1.7756,1.7596,0.5502,0.2401,56.3648,0.8467,0.2559,45.8695,647,OK
658,1754835698.1151,96.8451,99.6051,2.7601,9692,1213,8479,1.7954,1.7568,0.5950,0.2396,59.7309,0.8965,0.2716,45.4260,662,OK
660,1754835698.1818,96.2793,99.5736,3.2943,11430,1310,10120,1.7796,1.7559,0.5813,0.2419,58.3919,0.8912,0.2567,47.3506,654,OK
662,1754835698.2485,96.3122,99.5329,3.2207,11329,1435,9894,1.7817,1.7538,0.5885,0.2420,58.8813,0.8735,0.2097,42.4380,554,OK
664,1754835698.2818,96.0254,99.7129,3.6875,12210,882,11328,1.7842,1.7517,0.5962,0.2436,59.1468,0.8696,0.1264,43.8887,612,OK
666,1754835698.3484,95.8949,99.7809,3.8861,12611,673,11938,1.7982,1.7466,0.6415,0.2447,61.8575,0.9395,0.1098,44.8792,618,OK
668,1754835698.4151,95.3174,99.8503,4.5329,14385,460,13925,1.7842,1.8435,0.6542,0.7635,-16.7154,0.9674,1.1171,52.5518,741,OK
670,1754835698.4817,95.3965,99.9824,4.5859,14142,54,14088,1.7802,1.9558,0.6693,0.9738,-45.4985,1.0181,1.2346,60.4486,684,OK
672,1754835698.5484,94.9941,99.9844,4.9902,15378,48,15330,1.7822,2.1405,0.6485,0.8334,-28.5069,1.0295,1.0842,63.2141,708,OK
674,1754835698.6483,95.1354,99.9987,4.8633,14944,4,14940,1.8005,2.5393,0.6525,1.4088,-115.8979,0.9575,1.4108,65.8748,826,OK
676,1754835698.7150,94.7741,99.9971,5.2230,16054,9,16045,1.8035,2.5020,0.6306,1.0716,-69.9177,0.9815,1.1151,75.2897,841,OK
678,1754835698.8149,94.2464,99.9678,5.7214,17675,99,17576,1.8165,2.5023,0.6440,1.0668,-65.6619,0.9893,1.1212,69.9561,880,OK
680,1754835698.8816,93.8190,99.9590,6.1400,18988,126,18862,1.8288,2.6842,0.6709,1.3163,-96.1880,0.9957,1.2971,69.3046,940,OK
682,1754835698.9815,93.5459,99.8900,6.3441,19825,338,19487,1.8146,1.4063,0.6620,0.3693,44.2090,1.0148,0.3349,80.6406,922,OK
684,1754835699.0815,93.1390,99.8252,6.6862,21077,537,20540,1.8095,1.6985,0.6766,0.5372,20.5998,1.0024,0.5922,82.0398,1025,OK
686,1754835699.1814,93.1800,99.7705,6.5905,20951,705,20246,1.8054,1.5934,0.7636,0.4938,35.3397,1.0809,0.5145,84.2504,1062,OK
688,1754835699.2814,93.1569,99.7165,6.5596,20884,871,20013,1.7936,1.5624,0.7671,0.4809,37.3025,1.1080,0.4910,86.0817,1078,OK
690,1754835699.3814,91.4746,99.6592,8.1846,26152,1047,25105,1.7997,2.0219,0.8135,1.2315,-51.3964,1.1569,1.0568,84.1933,1014,OK
692,1754835699.4815,90.8271,99.5921,8.7650,27955,1253,26702,1.7956,1.9568,0.8178,1.1116,-35.9310,1.1197,0.9656,83.5326,1060,OK
694,1754835699.5815,90.6029,99.4912,8.8884,28733,1563,27170,1.7753,1.9157,0.8780,1.1171,-27.2369,1.1720,0.9872,82.5160,1059,OK
696,1754835699.6482,91.1139,98.1133,6.9994,27298,5796,21502,1.7384,1.3384,0.8308,0.4024,51.5619,1.1090,0.3752,100.9072,1088,OK
698,1754835699.7816,94.3809,99.9398,5.5589,17262,185,17077,1.6491,1.2835,0.7957,0.4308,45.8659,1.0292,0.3847,99.8035,1043,OK
700,1754835699.8817,94.6488,99.9541,5.3053,16439,141,16298,1.5805,1.2788,0.8030,0.4403,45.1620,1.0488,0.3756,98.2164,1111,OK
702,1754835700.0151,95.2451,99.9128,4.6676,14607,268,14339,1.5497,1.2688,0.8343,0.4598,44.8920,1.0173,0.4031,101.6321,1165,OK
704,1754835700.1151,95.0234,99.8792,4.8558,15288,371,14917,1.5376,1.2720,0.8504,0.4669,45.1003,1.0348,0.4128,104.1212,1154,OK
706,1754835700.2485,95.0508,99.8096,4.7588,15204,585,14619,1.5003,1.2717,0.8457,0.4753,43.8001,1.0437,0.4231,100.4589,1158,OK
708,1754835700.3819,95.2985,99.8018,4.5033,14443,609,13834,1.4990,1.2765,0.8703,0.4832,44.4828,1.0363,0.4327,102.1700,1139,OK
710,1754835700.4821,94.6803,99.7363,5.0560,16342,810,15532,1.4786,1.2806,0.8588,0.4889,43.0729,1.0617,0.4424,100.6242,1152,OK
712,1754835700.6158,95.2194,99.7754,4.5560,14686,690,13996,1.4827,1.2868,0.8709,0.4957,43.0806,1.0572,0.4528,98.0095,1164,OK
714,1754835700.7161,94.5602,99.8158,5.2555,16711,566,16145,1.4759,1.2811,0.8359,0.4859,41.8725,1.0488,0.4432,98.1579,1132,OK
716,1754835700.8498,95.2891,99.9603,4.6712,14472,122,14350,1.5520,1.2907,0.8369,0.4673,44.1572,1.0168,0.4193,103.1727,1119,OK
718,1754835700.9500,97.1074,99.9320,2.8245,8886,209,8677,1.5972,1.3101,0.8209,0.4606,43.8926,1.0416,0.4227,104.3884,1091,OK
720,1754835701.0837,96.0824,99.9258,3.8434,12035,228,11807,1.6411,1.2739,0.8285,0.4235,48.8801,1.0893,0.3794,102.2901,1010,OK
722,1754835701.2175,95.3714,99.9642,4.5928,14219,110,14109,1.6968,1.5961,0.8137,0.1666,79.5216,1.0925,0.1195,99.3569,807,OK
724,1754835701.3177,95.3158,99.8021,4.4863,14390,608,13782,1.7514,1.7160,0.7968,0.2595,67.4290,1.0766,0.3985,86.2506,961,OK
726,1754835701.4180,94.9512,99.9206,4.9694,15402,244,15158,1.7655,1.6773,0.8086,0.2468,69.4740,1.1066,0.4589,89.3908,930,OK
728,1754835701.5181,94.3945,99.9281,5.5335,16439,221,16218,1.7749,1.6187,0.7872,0.1512,80.7991,1.0648,0.1271,89.0843,1004,OK
730,1754835701.6184,94.3197,99.9287,5.6091,16793,213,16580,1.8161,1.6345,0.7714,0.1507,80.4660,1.1399,0.1265,90.1605,958,OK
732,1754835701.7521,93.7839,99.6976,5.9137,18713,851,17862,1.9052,1.6310,0.7634,0.1960,74.3269,1.1618,0.2735,88.2379,899,OK
734,1754835701.8524,95.0436,99.5270,4.4834,15079,1308,13771,1.9834,1.6382,0.8521,0.3228,62.1181,1.1613,0.5010,93.2510,967,OK
736,1754835701.9527,94.9509,99.5706,4.6198,15511,1319,14192,1.9750,1.6354,0.7721,0.2588,66.4766,1.0991,0.3887,91.1426,976,OK
738,1754835702.0531,95.3682,99.5303,4.1621,14229,1443,12786,2.0108,1.6430,0.7752,0.2694,65.2452,1.0896,0.4106,90.8573,962,OK
740,1754835702.1534,95.3005,99.3402,4.0397,14437,2027,12410,2.0210,1.6474,0.7595,0.2674,64.7913,1.0788,0.4052,91.9605,888,OK
742,1754835702.2872,95.9378,98.7601,2.8223,12479,3809,8670,2.0655,1.7437,0.7253,0.2653,63.4258,1.0200,0.4022,93.1203,890,OK
744,1754835702.3875,96.1654,98.8219,2.6566,11780,3619,8161,2.0747,1.6492,0.6921,0.2348,66.0793,0.9749,0.2780,95.3745,910,OK
746,1754835702.4879,95.3324,98.1178,2.7855,14339,5782,8557,2.1269,1.7053,0.6960,0.2760,60.3433,0.9587,0.1043,90.3125,910,OK
748,1754835702.5880,94.9326,98.0267,3.0941,15567,6062,9505,2.1566,1.6518,0.6793,0.2299,66.1526,0.9668,0.1035,88.4569,927,OK
750,1754835702.6881,93.3721,97.8229,4.4508,20361,6688,13673,2.2201,1.7883,0.7088,0.2979,57.9715,0.9551,0.2552,91.0890,949,OK
752,1754835702.8216,91.2008,98.3548,7.1540,27031,5054,21977,2.3291,1.9402,0.6994,0.4107,41.2786,0.9346,0.1905,105.1347,1049,OK
754,1754835702.9218,91.6702,98.8711,7.2009,25589,3468,22121,2.3333,1.8247,0.7097,0.4666,34.2504,0.9194,0.0902,94.7922,983,OK
756,1754835703.0553,92.3324,99.1338,6.8014,23555,2661,20894,2.2808,1.8160,0.7098,0.5689,19.8446,0.8813,0.3302,88.6721,968,OK
758,1754835703.1554,92.7923,99.2594,6.4671,22142,2275,19867,2.2763,1.8065,0.7179,0.5919,17.5500,0.8425,0.2984,98.6990,947,OK
760,1754835703.2555,93.2008,99.2939,6.0931,20887,2169,18718,2.2306,1.7938,0.7060,0.5957,15.6172,0.8043,0.2832,96.3556,959,OK
762,1754835703.3557,93.1380,99.2178,6.0798,21080,2403,18677,2.2462,1.8227,0.7031,0.5931,15.6372,0.7966,0.2805,99.0825,941,OK
764,1754835703.4892,93.2627,99.2012,5.9385,20697,2454,18243,2.2627,1.9107,0.6925,0.5817,15.9920,0.7554,0.3132,94.5697,945,OK
766,1754835703.5893,93.5342,99.4574,5.9232,19863,1667,18196,2.2541,1.9171,0.6892,0.5871,14.8164,0.6903,0.3480,101.4643,926,OK
768,1754835703.7228,94.6940,99.8197,5.1256,16300,554,15746,2.2449,2.2314,0.6982,0.5706,18.2739,0.6884,0.5028,101.0026,1022,OK
770,1754835703.8229,93.7757,99.5430,5.7673,19121,1404,17717,2.2555,2.9472,0.7185,0.5489,23.6150,0.7297,0.3410,86.4382,1020,OK
772,1754835703.9231,92.5485,99.4333,6.8848,22891,1741,21150,2.2820,2.9607,0.7246,0.5352,26.1409,0.8102,0.1912,84.9445,986,OK
774,1754835704.0232,92.5954,99.6615,7.0661,22747,1040,21707,2.3679,2.7360,0.7105,0.4094,42.3796,0.8269,0.3936,87.0845,927,OK
776,1754835704.1234,92.3145,99.6999,7.3854,23610,922,22688,2.3940,2.7437,0.7089,0.3982,43.8315,0.7839,0.3853,87.6064,986,OK
778,1754835704.2235,91.6042,99.5924,7.9883,25792,1252,24540,2.3808,2.7278,0.7529,0.3927,47.8365,0.7652,0.3625,89.6342,1006,OK
780,1754835704.3237,90.5072,99.2725,8.7653,29162,2235,26927,2.3325,2.7473,0.8029,0.4045,49.6259,0.8630,0.3112,88.6900,1056,OK
782,1754835704.4573,89.4183,99.0013,9.5830,32507,3068,29439,2.2873,2.7616,0.8626,0.4162,51.7442,0.8595,0.2061,84.9714,1102,OK
784,1754835704.5574,88.5065,98.6595,10.1530,35308,4118,31190,2.2576,2.7062,0.8984,0.4098,54.3836,0.9006,0.2194,85.0417,1128,OK
786,1754835704.6575,87.4954,98.4632,10.9678,38414,4721,33693,2.2150,2.7829,0.9570,0.4386,54.1673,0.9093,0.2228,85.6062,1116,OK
788,1754835704.7576,86.9137,98.4876,11.5739,40201,4646,35555,2.1796,2.7519,1.0043,0.4503,55.1617,0.9876,0.2737,87.0615,1126,OK
790,1754835704.8576,87.2090,98.6712,11.4622,39294,4082,35212,2.2774,2.8206,0.9753,0.4191,57.0291,1.0759,0.4930,84.5575,958,OK
792,1754835704.9576,87.7660,98.8584,11.0924,37583,3507,34076,2.3563,2.8349,0.9760,0.3138,67.8507,0.8869,0.2117,87.3786,1029,OK
794,1754835705.0576,85.8766,98.4941,12.6175,43387,4626,38761,2.2555,2.7398,1.0754,0.4200,60.9420,0.7609,0.1603,86.1155,976,OK
796,1754835705.1577,83.3402,97.7552,14.4150,51179,6896,44283,2.1122,2.8420,1.1677,0.5151,55.8901,0.9576,0.2720,82.0167,960,OK
798,1754835705.2577,80.7448,99.3298,18.5850,59152,2059,57093,1.9204,2.4424,1.2464,0.5569,55.3238,0.9646,0.3070,106.9618,960,OK
800,1754835705.3577,82.0016,99.8942,17.8926,55291,325,54966,1.9861,2.7785,1.2430,0.6304,49.2817,1.0759,0.5204,108.7236,1091,OK
802,1754835705.4911,81.9128,99.6497,17.7370,55564,1076,54488,1.9643,2.7615,1.2755,0.6196,51.4256,1.0891,0.4571,106.2169,1072,OK
804,1754835705.6245,82.1895,99.5980,17.4085,54714,1235,53479,1.9782,2.8256,1.2836,0.6111,52.3936,1.0734,0.3629,100.1993,1093,OK
806,1754835705.7245,81.6494,99.8704,18.2210,56373,398,55975,1.9374,2.1316,1.2859,1.0594,17.6158,1.0766,0.8659,106.5536,1089,OK
808,1754835705.8579,81.5130,97.9622,16.4492,56792,6260,50532,1.8636,0.6920,1.3112,0.8106,38.1770,1.0161,0.2143,115.7951,978,OK
810,1754835705.9913,85.3773,98.3646,12.9873,44921,5024,39897,2.2785,2.7092,1.1846,0.7979,32.6452,1.0414,0.7328,112.7882,622,OK
814,1754835706.1580,75.6559,95.8115,20.1556,74785,12867,61918,1.8412,2.5051,1.3223,0.7987,39.5989,0.8976,0.5712,106.0613,651,OK
816,1754835706.2580,67.7930,94.5462,26.7533,98940,16754,82186,1.4159,2.4884,1.3193,0.8616,34.6906,1.0886,0.6569,106.9954,1064,OK
818,1754835706.3914,54.9128,88.8822,33.9694,138508,34154,104354,1.1883,3.3216,1.2257,0.9407,23.2539,0.9609,0.2798,102.8163,815,OK
824,1754835706.5581,32.5225,80.4723,47.9499,207291,59989,147302,0.7784,0.3289,0.9485,0.2287,75.8840,1.0649,0.0894,101.4878,559,OK
826,1754835706.6581,22.9154,81.5544,58.6390,236626,56665,179961,0.5541,0.3101,0.7651,0.1256,83.5872,0.9921,0.1006,98.3421,475,OK
1006,1754835709.7280,98.4922,99.9912,1.4990,4632,27,4605,1.2771,1.2636,0.2844,0.1632,42.6002,0.2142,0.1028,124.6812,1250,OK
1008,1754835709.8614,98.8721,99.9915,1.1195,3465,26,3439,1.2628,1.1274,0.2837,0.2496,12.0327,0.2093,0.1726,131.8276,1252,OK
1010,1754835710.0281,98.7725,99.9854,1.2129,3771,45,3726,1.2680,1.1229,0.2883,0.2455,14.8490,0.2110,0.1762,139.1713,1254,OK
1012,1754835710.1614,98.6849,99.9964,1.3115,4040,11,4029,1.2403,1.1844,0.2754,0.1787,35.1290,0.2123,0.1029,136.9058,1253,OK
1014,1754835710.3281,98.5680,100.0000,1.4320,4399,0,4399,1.2207,1.1141,0.2641,0.1939,26.5666,0.2067,0.1196,142.3529,1252,OK
1016,1754835710.4947,98.5869,99.9987,1.4118,4341,4,4337,1.1963,1.0302,0.2510,0.2280,9.1767,0.1979,0.1248,144.2191,1253,OK
1018,1754835710.6614,98.5107,99.9919,1.4811,4575,25,4550,1.1641,0.9698,0.2402,0.2165,9.8797,0.1868,0.0967,140.4423,1253,OK
1020,1754835710.8280,98.5215,100.0000,1.4785,4542,0,4542,1.1463,0.9882,0.2343,0.2042,12.8239,0.1786,0.0980,143.8608,1252,OK
1022,1754835710.9614,98.4606,99.8538,1.3932,4729,449,4280,1.1339,1.0246,0.2321,0.2053,11.5708,0.1746,0.1042,156.2257,1253,OK
1024,1754835711.1615,98.2699,99.8099,1.5400,5315,584,4731,1.1172,1.0043,0.2388,0.2019,15.4618,0.1972,0.1006,145.7447,1251,OK
1026,1754835711.3282,98.1471,99.7933,1.6462,5692,635,5057,1.0973,0.9478,0.2383,0.2050,13.9995,0.1873,0.0801,145.1072,1252,OK
1028,1754835711.4950,98.2949,99.8910,1.5960,5238,335,4903,1.0757,0.9459,0.2395,0.1959,18.2042,0.1735,0.0789,146.5100,1256,OK
1030,1754835711.6617,98.1032,99.8460,1.7428,5827,473,5354,1.0620,0.9367,0.2405,0.1941,19.2958,0.1631,0.0814,145.4514,1253,OK
1032,1754835711.8284,98.2168,99.8389,1.6221,5478,495,4983,1.0535,0.9178,0.2418,0.1937,19.8789,0.1670,0.0798,143.1226,1255,OK
1034,1754835711.9952,98.2015,99.8271,1.6257,5525,531,4994,1.0434,0.9127,0.2372,0.1891,20.3018,0.1599,0.0782,147.6834,1252,OK
1036,1754835712.1619,98.1247,99.8210,1.6963,5761,550,5211,1.0337,0.9039,0.2368,0.1868,21.1338,0.1554,0.0787,142.0783,1251,OK
1038,1754835712.2953,98.2415,99.7943,1.5527,5402,632,4770,1.0276,0.9030,0.2386,0.1845,22.6897,0.1672,0.0802,144.1623,1253,OK
1040,1754835712.4620,98.3223,99.8802,1.5579,5154,368,4786,1.0191,0.9060,0.2334,0.1780,23.7547,0.1616,0.0783,147.2519,1255,OK
1042,1754835712.6287,98.3203,99.8499,1.5296,5160,461,4699,1.0185,0.9053,0.2319,0.1762,24.0134,0.1704,0.0754,147.0973,1252,OK
1044,1754835712.8288,98.3646,99.8786,1.5140,5024,373,4651,0.9850,0.8883,0.2325,0.1804,22.4241,0.1609,0.0691,146.9490,1250,OK
1046,1754835712.9955,98.2230,99.8281,1.6051,5459,528,4931,0.9551,1.1447,0.2296,0.1392,39.3808,0.1604,0.1308,149.8444,1251,OK
1048,1754835713.1622,98.4040,99.9421,1.5381,4903,178,4725,0.9409,0.8478,0.2259,0.1484,34.3297,0.1626,0.0757,165.5891,1252,OK
1050,1754835713.3289,97.8740,99.3789,1.5049,6531,1908,4623,0.9311,0.8495,0.2212,0.1481,33.0166,0.1715,0.0847,163.1434,1252,OK
1052,1754835713.5289,95.3604,99.5641,4.2038,14253,1339,12914,0.9233,0.8228,0.2149,0.1056,50.8800,0.1820,0.0979,164.5084,1253,OK
1054,1754835713.6956,93.3086,99.2279,5.9193,20556,2372,18184,0.9195,0.8249,0.2092,0.1051,49.7724,0.1800,0.0983,161.8970,1252,OK
1056,1754835713.8956,93.5693,99.7295,6.1602,19755,831,18924,0.9252,0.8340,0.2102,0.1002,52.3246,0.1920,0.1206,149.5281,1250,OK
1058,1754835714.0623,90.4297,99.5710,9.1413,29400,1318,28082,0.9172,0.8222,0.1984,0.0931,53.0941,0.1881,0.1129,146.0860,1255,OK
1060,1754835714.2290,89.1585,99.3955,10.2370,33305,1857,31448,0.8925,0.8095,0.1861,0.1153,38.0763,0.1940,0.1570,148.4171,1254,OK
1062,1754835714.3956,88.4854,99.3926,10.9072,35373,1866,33507,0.8935,0.8186,0.1837,0.1060,42.2904,0.1962,0.1361,147.7794,1254,OK
1064,1754835714.5623,89.2122,99.8854,10.6732,33140,352,32788,0.8756,0.8029,0.1777,0.1145,35.5647,0.2065,0.1546,149.4347,1253,OK
1066,1754835714.7290,88.8294,99.8714,11.0420,34316,395,33921,0.8491,0.7881,0.1650,0.1219,26.1114,0.2046,0.1571,129.7230,1246,OK
1068,1754835714.8957,89.3014,99.9447,10.6432,32866,170,32696,0.8306,0.7854,0.1529,0.1162,24.0029,0.1990,0.1488,115.1631,1237,OK
1070,1754835715.0290,89.1729,99.9508,10.7780,33261,151,33110,0.8208,0.7828,0.1460,0.1198,17.9682,0.1947,0.1517,113.9577,1227,OK
1072,1754835715.1624,88.5391,99.9544,11.4154,35208,140,35068,0.8176,0.7815,0.1421,0.1217,14.3856,0.1899,0.1515,114.5337,1221,OK
1074,1754835715.2957,89.1341,99.9746,10.8405,33380,78,33302,0.8068,0.7773,0.1367,0.1243,9.1102,0.1836,0.1492,107.1820,1195,OK
1076,1754835715.4290,88.2614,99.9873,11.7259,36061,39,36022,0.8065,0.7748,0.1342,0.1276,4.8616,0.1812,0.1499,102.5523,1187,OK
1078,1754835715.5624,89.3226,99.9557,10.6331,32801,136,32665,0.7991,0.7754,0.1332,0.1249,6.2605,0.1745,0.1417,105.9703,1185,OK
1080,1754835715.6624,88.3053,99.8512,11.5459,35926,457,35469,0.7980,0.7803,0.1282,0.1188,7.3712,0.1655,0.1311,121.3807,1192,OK
1082,1754835715.8291,88.5016,99.8548,11.3532,35323,446,34877,0.7916,0.7695,0.1305,0.1253,3.9540,0.1609,0.1329,102.2665,1196,OK
1084,1754835715.9291,88.4635,99.8203,11.3568,35440,552,34888,0.7898,0.7702,0.1299,0.1251,3.6630,0.1591,0.1364,131.6493,1207,OK
1086,1754835716.0957,88.2594,99.8727,11.6133,36067,391,35676,0.7908,0.7655,0.1268,0.1246,1.7460,0.1519,0.1311,110.7297,1194,OK
1088,1754835716.2291,88.1462,99.8568,11.7106,36415,440,35975,0.7931,0.7681,0.1276,0.1251,2.0250,0.1572,0.1368,111.6745,1193,OK
1090,1754835716.3291,89.3841,99.7972,10.4131,32612,623,31989,0.7965,0.7773,0.1330,0.1247,6.2744,0.1677,0.1406,112.7789,1175,OK
1092,1754835716.4625,89.5469,99.8363,10.2894,32112,503,31609,0.8072,0.7831,0.1365,0.1251,8.3446,0.1786,0.1487,108.8981,1199,OK
1094,1754835716.5959,89.9277,99.8975,9.9697,30942,315,30627,0.8247,0.7969,0.1485,0.1235,16.8221,0.1919,0.1498,99.1471,1220,OK
1096,1754835716.7292,89.2910,99.9831,10.6921,32898,52,32846,0.8418,0.8123,0.1567,0.1327,15.3137,0.1975,0.1647,103.8961,1238,OK
1098,1754835716.8626,89.3669,99.9606,10.5938,32665,121,32544,0.8532,0.8198,0.1609,0.1372,14.7248,0.2083,0.1749,136.7579,1241,OK
1100,1754835717.0293,74.3704,98.6120,24.2415,78734,4264,74470,0.8900,0.8821,0.1432,0.1540,-7.5813,0.1451,0.1714,105.2774,1252,OK
1102,1754835717.1293,20.2207,53.7406,33.5199,245082,142104,102978,1.0001,1.0925,0.1665,0.1415,14.9974,0.1527,0.1217,87.4777,1252,OK
1104,1754835717.2294,13.3597,55.2269,41.8672,266159,137543,128616,1.0223,0.9316,0.1731,0.0570,67.0850,0.1496,0.0599,88.1143,1250,OK
1106,1754835717.3628,60.2279,71.8145,11.5866,122180,86586,35594,0.8970,0.8385,0.1576,0.0804,48.9613,0.1507,0.0704,99.3442,1250,OK
1108,1754835717.4629,88.7402,99.7536,11.0134,34590,757,33833,0.8219,0.7646,0.1653,0.1127,31.8003,0.1901,0.1423,115.2768,1251,OK
1110,1754835717.5964,87.3086,99.6481,12.3395,38988,1081,37907,0.8086,0.7528,0.1656,0.1058,36.1150,0.1804,0.1270,113.1624,1250,OK
1112,1754835717.7299,93.8119,99.8167,6.0049,19010,563,18447,0.8021,0.7418,0.1959,0.1185,39.5141,0.1631,0.1157,113.9102,1248,OK
1114,1754835717.8633,90.6618,99.0046,8.3428,28687,3058,25629,0.7346,0.6971,0.1541,0.1081,29.8491,0.1823,0.1355,121.8802,1239,OK
1116,1754835718.0302,93.4997,99.9056,6.4059,19969,290,19679,0.7404,0.8700,0.1763,0.2246,-27.3949,0.1623,0.1424,98.1240,1227,OK
1136,1754835718.4307,93.6914,98.8841,5.1927,19380,3428,15952,0.7217,0.9725,0.1869,0.2858,-52.8818,0.1969,0.2690,116.1515,1247,OK
1140,1754835718.5976,93.8255,98.6172,4.7917,18968,4248,14720,0.7016,0.6594,0.1801,0.1055,41.4157,0.2028,0.0982,120.7484,1242,OK
1142,1754835718.7311,93.8245,98.5348,4.7103,18971,4501,14470,0.6952,0.6593,0.1741,0.1116,35.8932,0.1918,0.0973,122.6732,1231,OK
1144,1754835718.8647,95.0723,99.3734,4.3011,15138,1925,13213,0.7016,0.6665,0.1775,0.1170,34.1061,0.1993,0.1063,122.6482,1235,OK
1146,1754835718.9982,95.4880,99.6061,4.1182,13861,1210,12651,0.7386,0.8913,0.1978,0.2040,-3.1250,0.2102,0.1500,119.4821,1251,OK
1324,1754835722.0664,94.4593,99.9867,5.5274,17021,41,16980,1.3035,0.8580,0.9066,0.4259,53.0222,0.4593,0.1612,123.2926,1251,OK
1326,1754835722.1998,94.7061,99.9805,5.2744,16263,60,16203,1.3287,0.8693,0.9379,0.4206,55.1506,0.4593,0.1742,127.9349,1251,OK
1328,1754835722.3332,94.5225,99.9925,5.4701,16827,23,16804,1.3499,0.7382,0.9592,0.3630,62.1597,0.4616,0.1084,133.7753,1251,OK
1330,1754835722.5000,94.8265,99.9792,5.1527,15893,64,15829,1.3785,0.8205,0.9928,0.3784,61.8848,0.4534,0.1386,153.5714,1252,OK
1332,1754835722.6667,94.5726,99.9850,5.4124,16673,46,16627,1.4287,1.3230,1.0537,0.3671,65.1616,0.4690,0.1788,129.6148,1253,OK
1334,1754835722.8334,94.2923,99.9867,5.6943,17534,41,17493,1.4063,1.2234,1.0311,0.5401,47.6210,0.4670,0.1750,137.6969,1254,OK
1336,1754835723.0002,94.2477,99.9701,5.7223,17671,92,17579,1.4056,0.9165,1.0303,0.6011,41.6570,0.4814,0.2127,135.5223,1252,OK
1338,1754835723.1336,94.5254,99.9886,5.4632,16818,35,16783,1.3855,0.9713,1.0113,0.4416,56.3281,0.4678,0.1711,130.0813,1252,OK
1340,1754835723.3003,94.5765,99.9935,5.4170,16661,20,16641,1.3905,1.2761,1.0168,0.4863,52.1753,0.4824,0.1676,133.3740,1251,OK
1342,1754835723.4338,94.6520,99.9915,5.3395,16429,26,16403,1.3872,1.2527,1.0153,0.4867,52.0620,0.4825,0.1725,136.1779,1251,OK
1344,1754835723.6008,94.4834,99.9977,5.5143,16947,7,16940,1.3756,1.1715,1.0015,0.4929,50.7892,0.4649,0.2072,140.3012,1252,OK
1346,1754835723.7678,94.5866,99.9925,5.4059,16630,23,16607,1.3889,1.2585,1.0164,0.4999,50.8155,0.4771,0.2069,140.7781,1250,OK
1348,1754835723.9349,94.6644,99.9925,5.3281,16391,23,16368,1.3795,1.1429,1.0056,0.5045,49.8308,0.4612,0.2136,140.6433,1253,OK
1350,1754835724.1020,94.6240,99.9948,5.3708,16515,16,16499,1.3959,1.2979,1.0290,0.4871,52.6626,0.4734,0.1639,135.5473,1252,OK
1352,1754835724.2356,94.4284,99.9902,5.5619,17116,30,17086,1.4205,0.9248,1.0571,0.5525,47.7348,0.4716,0.2171,133.7590,1250,OK
1354,1754835724.4027,94.6338,99.9893,5.3555,16485,33,16452,1.4216,0.9250,1.0561,0.5562,47.3318,0.4713,0.2121,132.5942,1256,OK
1356,1754835724.5694,94.6357,99.9746,5.3389,16479,78,16401,1.4070,2.7399,1.0393,0.7503,27.8099,0.4581,0.4084,122.2651,1252,OK
1360,1754835724.7362,94.7350,99.9967,5.2617,16174,10,16164,1.4345,0.7564,1.0660,0.5776,45.8172,0.4656,0.1145,121.2350,1252,OK
